,Unnamed: 0,Unnamed: 0.1,Unnamed: 0.1.1,Unnamed: 0.1.1.1,Unnamed: 0.1.1.1.1,Unnamed: 0.1.1.1.1.1,Unnamed: 0.1.1.1.1.1.1,Unnamed: 0.1.1.1.1.1.1.1,Unnamed: 0.1.1.1.1.1.1.1.1,Unnamed: 0.1.1.1.1.1.1.1.1.1,Unnamed: 0.1.1.1.1.1.1.1.1.1.1,Unnamed: 0.1.1.1.1.1.1.1.1.1.1.1,Unnamed: 0.1.1.1.1.1.1.1.1.1.1.1.1,Unnamed: 0.1.1.1.1.1.1.1.1.1.1.1.1.1,Unnamed: 0.1.1.1.1.1.1.1.1.1.1.1.1.1.1,Unnamed: 0.1.1.1.1.1.1.1.1.1.1.1.1.1.1.1,Unnamed: 0.1.1.1.1.1.1.1.1.1.1.1.1.1.1.1.1,Unnamed: 0.1.1.1.1.1.1.1.1.1.1.1.1.1.1.1.1.1,Unnamed: 0.1.1.1.1.1.1.1.1.1.1.1.1.1.1.1.1.1.1,Unnamed: 0.1.1.1.1.1.1.1.1.1.1.1.1.1.1.1.1.1.1.1,peak surface temperature (rel. to 2010-2019),non-co2 warming (rel. to 2010-2019) at peak cumulative emissions co2,magicc_ind
0,0,0,0,0,0,0,0,0,0,0,0,0,0,0,0,0,0,0,0,0,0.44364992,-0.009359797,0.0
1,1,1,1,1,1,1,1,1,1,1,1,1,1,1,1,1,1,1,1,1,0.42419368,-0.06333385,1.0
2,2,2,2,2,2,2,2,2,2,2,2,2,2,2,2,2,2,2,2,2,0.59177387,0.15647052,2.0
3,3,3,3,3,3,3,3,3,3,3,3,3,3,3,3,3,3,3,3,3,0.41643575,0.05193299,3.0
4,4,4,4,4,4,4,4,4,4,4,4,4,4,4,4,4,4,4,4,4,0.36455047,0.044082902,4.0
5,5,5,5,5,5,5,5,5,5,5,5,5,5,5,5,5,5,5,5,5,0.60202676,0.021728834,5.0
6,6,6,6,6,6,6,6,6,6,6,6,6,6,6,6,6,6,6,6,6,0.67787164,0.035157587,6.0
7,7,7,7,7,7,7,7,7,7,7,7,7,7,7,7,7,7,7,7,7,0.7554266,0.03545856,7.0
8,8,8,8,8,8,8,8,8,8,8,8,8,8,8,8,8,8,8,8,8,0.829834,0.053350303,8.0
9,9,9,9,9,9,9,9,9,9,9,9,9,9,9,9,9,9,9,9,9,0.55276465,0.02142312,9.0
10,10,10,10,10,10,10,10,10,10,10,10,10,10,10,10,10,10,10,10,10,0.5707894,0.017550353,10.0
11,11,11,11,11,11,11,11,11,11,11,11,11,11,11,11,11,11,11,11,11,0.6147902,0.030011563,11.0
12,12,12,12,12,12,12,12,12,12,12,12,12,12,12,12,12,12,12,12,12,0.67258775,0.030517677,12.0
13,13,13,13,13,13,13,13,13,13,13,13,13,13,13,13,13,13,13,13,13,0.73448294,0.04297206,13.0
14,14,14,14,14,14,14,14,14,14,14,14,14,14,14,14,14,14,14,14,14,0.79680794,0.046300635,14.0
15,15,15,15,15,15,15,15,15,15,15,15,15,15,15,15,15,15,15,15,15,0.3760936,0.00825611,15.0
16,16,16,16,16,16,16,16,16,16,16,16,16,16,16,16,16,16,16,16,16,0.4134827,0.01808965,16.0
17,17,17,17,17,17,17,17,17,17,17,17,17,17,17,17,17,17,17,17,17,0.44362113,0.019490244,17.0
18,18,18,18,18,18,18,18,18,18,18,18,18,18,18,18,18,18,18,18,18,0.46544504,0.008795534,18.0
19,19,19,19,19,19,19,19,19,19,19,19,19,19,19,19,19,19,19,19,19,0.49938253,0.010736419,19.0
20,20,20,20,20,20,20,20,20,20,20,20,20,20,20,20,20,20,20,20,20,0.54821223,0.026873913,20.0
21,21,21,21,21,21,21,21,21,21,21,21,21,21,21,21,21,21,21,21,21,0.58485156,0.033112008,21.0
22,22,22,22,22,22,22,22,22,22,22,22,22,22,22,22,22,22,22,22,22,0.31659347,-0.008979322,22.0
23,23,23,23,23,23,23,23,23,23,23,23,23,23,23,23,23,23,23,23,23,0.47475955,-0.0012303472,23.0
24,24,24,24,24,24,24,24,24,24,24,24,24,24,24,24,24,24,24,24,24,0.53858364,0.13814567,24.0
25,25,25,25,25,25,25,25,25,25,25,25,25,25,25,25,25,25,25,25,25,0.48497775,0.12715131,25.0
26,26,26,26,26,26,26,26,26,26,26,26,26,26,26,26,26,26,26,26,26,0.36943606,0.113629095,26.0
27,27,27,27,27,27,27,27,27,27,27,27,27,27,27,27,27,27,27,27,27,0.4232063,0.115506016,27.0
28,28,28,28,28,28,28,28,28,28,28,28,28,28,28,28,28,28,28,28,28,0.36019287,0.1118908,28.0
29,29,29,29,29,29,29,29,29,29,29,29,29,29,29,29,29,29,29,29,29,0.665338,0.13526018,29.0
30,30,30,30,30,30,30,30,30,30,30,30,30,30,30,30,30,30,30,30,30,0.6768386,0.13959706,30.0
31,31,31,31,31,31,31,31,31,31,31,31,31,31,31,31,31,31,31,31,31,0.6078263,0.12840877,31.0
32,32,32,32,32,32,32,32,32,32,32,32,32,32,32,32,32,32,32,32,32,0.7874077,0.14141273,32.0
33,33,33,33,33,33,33,33,33,33,33,33,33,33,33,33,33,33,33,33,33,0.8154756,0.106418975,33.0
34,34,34,34,34,34,34,34,34,34,34,34,34,34,34,34,34,34,34,34,34,0.9285707,0.15892848,34.0
35,35,35,35,35,35,35,35,35,35,35,35,35,35,35,35,35,35,35,35,35,0.9595408,0.13142316,35.0
36,36,36,36,36,36,36,36,36,36,36,36,36,36,36,36,36,36,36,36,36,1.0271314,0.1375326,36.0
37,37,37,37,37,37,37,37,37,37,37,37,37,37,37,37,37,37,37,37,37,1.1362166,0.18774633,37.0
38,38,38,38,38,38,38,38,38,38,38,38,38,38,38,38,38,38,38,38,38,0.6044931,0.120973684,38.0
39,39,39,39,39,39,39,39,39,39,39,39,39,39,39,39,39,39,39,39,39,0.6137129,0.10704722,39.0
40,40,40,40,40,40,40,40,40,40,40,40,40,40,40,40,40,40,40,40,40,0.64849603,0.115552045,40.0
41,41,41,41,41,41,41,41,41,41,41,41,41,41,41,41,41,41,41,41,41,0.68580025,0.12382322,41.0
42,42,42,42,42,42,42,42,42,42,42,42,42,42,42,42,42,42,42,42,42,0.7232451,0.13092555,42.0
43,43,43,43,43,43,43,43,43,43,43,43,43,43,43,43,43,43,43,43,43,0.7425216,0.12447603,43.0
44,44,44,44,44,44,44,44,44,44,44,44,44,44,44,44,44,44,44,44,44,0.7962261,0.14458868,44.0
45,45,45,45,45,45,45,45,45,45,45,45,45,45,45,45,45,45,45,45,45,0.8518667,0.13973321,45.0
46,46,46,46,46,46,46,46,46,46,46,46,46,46,46,46,46,46,46,46,46,0.92936087,0.15627596,46.0
47,47,47,47,47,47,47,47,47,47,47,47,47,47,47,47,47,47,47,47,47,0.96578187,0.13598451,47.0
48,48,48,48,48,48,48,48,48,48,48,48,48,48,48,48,48,48,48,48,48,1.0415127,0.15181702,48.0
49,49,49,49,49,49,49,49,49,49,49,49,49,49,49,49,49,49,49,49,49,1.1400933,0.19011484,49.0
50,50,50,50,50,50,50,50,50,50,50,50,50,50,50,50,50,50,50,50,50,0.5827852,0.111214235,50.0
51,51,51,51,51,51,51,51,51,51,51,51,51,51,51,51,51,51,51,51,51,0.5873794,0.1673101,51.0
52,52,52,52,52,52,52,52,52,52,52,52,52,52,52,52,52,52,52,52,52,0.59474283,0.09467561,52.0
53,53,53,53,53,53,53,53,53,53,53,53,53,53,53,53,53,53,53,53,53,0.64314854,0.11307075,53.0
54,54,54,54,54,54,54,54,54,54,54,54,54,54,54,54,54,54,54,54,54,0.6800808,0.11978059,54.0
55,55,55,55,55,55,55,55,55,55,55,55,55,55,55,55,55,55,55,55,55,0.71998817,0.12786508,55.0
56,56,56,56,56,56,56,56,56,56,56,56,56,56,56,56,56,56,56,56,56,0.7491297,0.12761281,56.0
57,57,57,57,57,57,57,57,57,57,57,57,57,57,57,57,57,57,57,57,57,0.40851176,0.10062163,57.0
58,58,58,58,58,58,58,58,58,58,58,58,58,58,58,58,58,58,58,58,58,0.5795079,0.1978618,58.0
59,59,59,59,59,59,59,59,59,59,59,59,59,59,59,59,59,59,59,59,59,0.5552942,0.1358508,59.0
60,60,60,60,60,60,60,60,60,60,60,60,60,60,60,60,60,60,60,60,60,0.6206431,0.14097963,60.0
61,61,61,61,61,61,61,61,61,61,61,61,61,61,61,61,61,61,61,61,61,0.37517697,0.075526096,61.0
62,62,62,62,62,62,62,62,62,62,62,62,62,62,62,62,62,62,62,62,62,0.43791366,0.097471386,62.0
63,63,63,63,63,63,63,63,63,63,63,63,63,63,63,63,63,63,63,63,63,0.33380058,0.100328475,63.0
64,64,64,64,64,64,64,64,64,64,64,64,64,64,64,64,64,64,64,64,64,0.37914485,0.115779646,64.0
65,65,65,65,65,65,65,65,65,65,65,65,65,65,65,65,65,65,65,65,65,0.4116823,0.11848008,65.0
66,66,66,66,66,66,66,66,66,66,66,66,66,66,66,66,66,66,66,66,66,0.4398149,0.119004264,66.0
67,67,67,67,67,67,67,67,67,67,67,67,67,67,67,67,67,67,67,67,67,0.49505848,0.14518696,67.0
68,68,68,68,68,68,68,68,68,68,68,68,68,68,68,68,68,68,68,68,68,0.51919,0.13906811,68.0
69,69,69,69,69,69,69,69,69,69,69,69,69,69,69,69,69,69,69,69,69,0.5569888,0.14623718,69.0
70,70,70,70,70,70,70,70,70,70,70,70,70,70,70,70,70,70,70,70,70,0.5977063,0.15754312,70.0
71,71,71,71,71,71,71,71,71,71,71,71,71,71,71,71,71,71,71,71,71,0.6296233,0.15908062,71.0
72,72,72,72,72,72,72,72,72,72,72,72,72,72,72,72,72,72,72,72,72,0.682692,0.1806338,72.0
73,73,73,73,73,73,73,73,73,73,73,73,73,73,73,73,73,73,73,73,73,0.7131976,0.18092029,73.0
74,74,74,74,74,74,74,74,74,74,74,74,74,74,74,74,74,74,74,74,74,0.7463164,0.18146262,74.0
75,75,75,75,75,75,75,75,75,75,75,75,75,75,75,75,75,75,75,75,75,0.7966045,0.20098251,75.0
76,76,76,76,76,76,76,76,76,76,76,76,76,76,76,76,76,76,76,76,76,0.83070207,0.20251235,76.0
77,77,77,77,77,77,77,77,77,77,77,77,77,77,77,77,77,77,77,77,77,0.5297129,0.15256989,77.0
78,78,78,78,78,78,78,78,78,78,78,78,78,78,78,78,78,78,78,78,78,0.46982566,0.09267478,78.0
79,79,79,79,79,79,79,79,79,79,79,79,79,79,79,79,79,79,79,79,79,0.50118417,0.123961695,79.0
80,80,80,80,80,80,80,80,80,80,80,80,80,80,80,80,80,80,80,80,80,0.6184558,0.24126653,80.0
81,81,81,81,81,81,81,81,81,81,81,81,81,81,81,81,81,81,81,81,81,0.5604204,0.10523152,81.0
82,82,82,82,82,82,82,82,82,82,82,82,82,82,82,82,82,82,82,82,82,0.53007764,0.08484311,82.0
83,83,83,83,83,83,83,83,83,83,83,83,83,83,83,83,83,83,83,83,83,0.53449917,0.08950266,83.0
84,84,84,84,84,84,84,84,84,84,84,84,84,84,84,84,84,84,84,84,84,0.5528737,0.100472204,84.0
85,85,85,85,85,85,85,85,85,85,85,85,85,85,85,85,85,85,85,85,85,0.6127026,0.111417025,85.0
86,86,86,86,86,86,86,86,86,86,86,86,86,86,86,86,86,86,86,86,86,0.5760929,0.08946167,86.0
87,87,87,87,87,87,87,87,87,87,87,87,87,87,87,87,87,87,87,87,87,0.5740254,0.09075385,87.0
88,88,88,88,88,88,88,88,88,88,88,88,88,88,88,88,88,88,88,88,88,0.6086359,0.10674095,88.0
89,89,89,89,89,89,89,89,89,89,89,89,89,89,89,89,89,89,89,89,89,0.73879313,0.14074889,89.0
90,90,90,90,90,90,90,90,90,90,90,90,90,90,90,90,90,90,90,90,90,0.7422238,0.14050455,90.0
91,91,91,91,91,91,91,91,91,91,91,91,91,91,91,91,91,91,91,91,91,0.478767,0.06460831,91.0
92,92,92,92,92,92,92,92,92,92,92,92,92,92,92,92,92,92,92,92,92,0.46307197,0.058034234,92.0
93,93,93,93,93,93,93,93,93,93,93,93,93,93,93,93,93,93,93,93,93,0.45901826,0.058204412,93.0
94,94,94,94,94,94,94,94,94,94,94,94,94,94,94,94,94,94,94,94,94,0.4830993,0.070257574,94.0
95,95,95,95,95,95,95,95,95,95,95,95,95,95,95,95,95,95,95,95,95,0.47036564,0.075512156,95.0
96,96,96,96,96,96,96,96,96,96,96,96,96,96,96,96,96,96,96,96,96,0.5244206,0.07971834,96.0
97,97,97,97,97,97,97,97,97,97,97,97,97,97,97,97,97,97,97,97,97,0.57812995,0.13462792,97.0
98,98,98,98,98,98,98,98,98,98,98,98,98,98,98,98,98,98,98,98,98,0.57114875,0.13056467,98.0
99,99,99,99,99,99,99,99,99,99,99,99,99,99,99,99,99,99,99,99,99,0.64784414,0.16111109,99.0
100,100,100,100,100,100,100,100,100,100,100,100,100,100,100,100,100,100,100,100,100,0.59546256,0.12420349,100.0
101,101,101,101,101,101,101,101,101,101,101,101,101,101,101,101,101,101,101,101,101,0.7536301,0.1599199,101.0
102,102,102,102,102,102,102,102,102,102,102,102,102,102,102,102,102,102,102,102,102,0.7457595,0.14917016,102.0
103,103,103,103,103,103,103,103,103,103,103,103,103,103,103,103,103,103,103,103,103,0.4807334,0.12455191,103.0
104,104,104,104,104,104,104,104,104,104,104,104,104,104,104,104,104,104,104,104,104,0.3739146,0.09493861,104.0
105,105,105,105,105,105,105,105,105,105,105,105,105,105,105,105,105,105,105,105,105,0.4718914,0.09672422,105.0
106,106,106,106,106,106,106,106,106,106,106,106,106,106,106,106,106,106,106,106,106,0.40536675,0.099084064,106.0
107,107,107,107,107,107,107,107,107,107,107,107,107,107,107,107,107,107,107,107,107,0.40180296,0.097376354,107.0
108,108,108,108,108,108,108,108,108,108,108,108,108,108,108,108,108,108,108,108,108,0.50479966,0.10892178,108.0
109,109,109,109,109,109,109,109,109,109,109,109,109,109,109,109,109,109,109,109,109,0.459562,0.08869603,109.0
110,110,110,110,110,110,110,110,110,110,110,110,110,110,110,110,110,110,110,110,110,0.47813082,0.11053467,110.0
111,111,111,111,111,111,111,111,111,111,111,111,111,111,111,111,111,111,111,111,111,0.57131374,0.13186555,111.0
112,112,112,112,112,112,112,112,112,112,112,112,112,112,112,112,112,112,112,112,112,0.48221275,0.027794939,112.0
113,113,113,113,113,113,113,113,113,113,113,113,113,113,113,113,113,113,113,113,113,0.5366056,0.056024,113.0
114,114,114,114,114,114,114,114,114,114,114,114,114,114,114,114,114,114,114,114,114,0.4637966,0.025126755,114.0
115,115,115,115,115,115,115,115,115,115,115,115,115,115,115,115,115,115,115,115,115,0.5664616,0.008540705,115.0
116,116,116,116,116,116,116,116,116,116,116,116,116,116,116,116,116,116,116,116,116,0.6093168,0.054556333,116.0
117,117,117,117,117,117,117,117,117,117,117,117,117,117,117,117,117,117,117,117,117,0.65389615,0.041094538,117.0
118,118,118,118,118,118,118,118,118,118,118,118,118,118,118,118,118,118,118,118,118,0.74510753,0.06394642,118.0
119,119,119,119,119,119,119,119,119,119,119,119,119,119,119,119,119,119,119,119,119,0.48086604,0.0099170925,119.0
120,120,120,120,120,120,120,120,120,120,120,120,120,120,120,120,120,120,120,120,120,0.54614496,0.07174209,120.0
121,121,121,121,121,121,121,121,121,121,121,121,121,121,121,121,121,121,121,121,121,0.5581714,0.045175795,121.0
122,122,122,122,122,122,122,122,122,122,122,122,122,122,122,122,122,122,122,122,122,0.63432413,0.054062475,122.0
123,123,123,123,123,123,123,123,123,123,123,123,123,123,123,123,123,123,123,123,123,0.70167893,0.071733266,123.0
124,124,124,124,124,124,124,124,124,124,124,124,124,124,124,124,124,124,124,124,124,0.6945374,0.039164208,124.0
125,125,125,125,125,125,125,125,125,125,125,125,125,125,125,125,125,125,125,125,125,0.41532502,0.013400885,125.0
126,126,126,126,126,126,126,126,126,126,126,126,126,126,126,126,126,126,126,126,126,0.4398795,0.059414584,126.0
127,127,127,127,127,127,127,127,127,127,127,127,127,127,127,127,127,127,127,127,127,0.49988514,0.04144735,127.0
128,128,128,128,128,128,128,128,128,128,128,128,128,128,128,128,128,128,128,128,128,0.4100933,0.076096855,128.0
129,129,129,129,129,129,129,129,129,129,129,129,129,129,129,129,129,129,129,129,129,0.45092013,0.043375798,129.0
130,130,130,130,130,130,130,130,130,130,130,130,130,130,130,130,130,130,130,130,130,0.67282784,0.047485176,130.0
131,131,131,131,131,131,131,131,131,131,131,131,131,131,131,131,131,131,131,131,131,0.48142806,0.03873763,131.0
132,132,132,132,132,132,132,132,132,132,132,132,132,132,132,132,132,132,132,132,132,0.71428466,0.11190351,132.0
133,133,133,133,133,133,133,133,133,133,133,133,133,133,133,133,133,133,133,133,133,0.56645054,0.07890031,133.0
134,134,134,134,134,134,134,134,134,134,134,134,134,134,134,134,134,134,134,134,134,0.5232423,0.06631939,134.0
135,135,135,135,135,135,135,135,135,135,135,135,135,135,135,135,135,135,135,135,135,0.6942322,0.1029738,135.0
136,136,136,136,136,136,136,136,136,136,136,136,136,136,136,136,136,136,136,136,136,0.4262922,0.10045685,136.0
137,137,137,137,137,137,137,137,137,137,137,137,137,137,137,137,137,137,137,137,137,0.51289004,0.05242355,137.0
138,138,138,138,138,138,138,138,138,138,138,138,138,138,138,138,138,138,138,138,138,0.5087169,0.046416264,138.0
139,139,139,139,139,139,139,139,139,139,139,139,139,139,139,139,139,139,139,139,139,0.68323237,0.21934195,139.0
140,140,140,140,140,140,140,140,140,140,140,140,140,140,140,140,140,140,140,140,140,0.55109894,0.037830193,140.0
141,141,141,141,141,141,141,141,141,141,141,141,141,141,141,141,141,141,141,141,141,0.5464652,0.031049157,141.0
142,142,142,142,142,142,142,142,142,142,142,142,142,142,142,142,142,142,142,142,142,0.5369336,0.02292527,142.0
143,143,143,143,143,143,143,143,143,143,143,143,143,143,143,143,143,143,143,143,143,0.58822227,0.03176789,143.0
144,144,144,144,144,144,144,144,144,144,144,144,144,144,144,144,144,144,144,144,144,0.9512811,0.074743405,144.0
145,145,145,145,145,145,145,145,145,145,145,145,145,145,145,145,145,145,145,145,145,0.4689385,0.04186501,145.0
146,146,146,146,146,146,146,146,146,146,146,146,146,146,146,146,146,146,146,146,146,0.41098425,0.03899314,146.0
147,147,147,147,147,147,147,147,147,147,147,147,147,147,147,147,147,147,147,147,147,0.49910793,0.01959642,147.0
148,148,148,148,148,148,148,148,148,148,148,148,148,148,148,148,148,148,148,148,148,0.5058066,0.017233875,148.0
149,149,149,149,149,149,149,149,149,149,149,149,149,149,149,149,149,149,149,149,149,0.49166292,0.014836304,149.0
150,150,150,150,150,150,150,150,150,150,150,150,150,150,150,150,150,150,150,150,150,0.6568935,0.027241651,150.0
151,151,151,151,151,151,151,151,151,151,151,151,151,151,151,151,151,151,151,151,151,0.44070765,0.06028752,151.0
152,152,152,152,152,152,152,152,152,152,152,152,152,152,152,152,152,152,152,152,152,0.2932633,-0.026369946,152.0
153,153,153,153,153,153,153,153,153,153,153,153,153,153,153,153,153,153,153,153,153,0.42860255,0.07415044,153.0
154,154,154,154,154,154,154,154,154,154,154,154,154,154,154,154,154,154,154,154,154,0.4843719,0.12767452,154.0
155,155,155,155,155,155,155,155,155,155,155,155,155,155,155,155,155,155,155,155,155,0.37992454,0.07494288,155.0
156,156,156,156,156,156,156,156,156,156,156,156,156,156,156,156,156,156,156,156,156,0.49107885,0.11598384,156.0
157,157,157,157,157,157,157,157,157,157,157,157,157,157,157,157,157,157,157,157,157,0.38062513,0.06196679,157.0
158,158,158,158,158,158,158,158,158,158,158,158,158,158,158,158,158,158,158,158,158,0.5441123,0.038276836,158.0
159,159,159,159,159,159,159,159,159,159,159,159,159,159,159,159,159,159,159,159,159,0.56993645,0.08534329,159.0
160,160,160,160,160,160,160,160,160,160,160,160,160,160,160,160,160,160,160,160,160,0.63147956,0.12763786,160.0
161,161,161,161,161,161,161,161,161,161,161,161,161,161,161,161,161,161,161,161,161,0.5802129,0.10253387,161.0
162,162,162,162,162,162,162,162,162,162,162,162,162,162,162,162,162,162,162,162,162,0.62624955,0.12077792,162.0
163,163,163,163,163,163,163,163,163,163,163,163,163,163,163,163,163,163,163,163,163,0.30070472,-0.04337026,163.0
164,164,164,164,164,164,164,164,164,164,164,164,164,164,164,164,164,164,164,164,164,0.35130396,0.04217716,164.0
165,165,165,165,165,165,165,165,165,165,165,165,165,165,165,165,165,165,165,165,165,0.40540677,0.06472763,165.0
166,166,166,166,166,166,166,166,166,166,166,166,166,166,166,166,166,166,166,166,166,0.35128066,-0.01789708,166.0
167,167,167,167,167,167,167,167,167,167,167,167,167,167,167,167,167,167,167,167,167,0.36345506,-0.012220331,167.0
168,168,168,168,168,168,168,168,168,168,168,168,168,168,168,168,168,168,168,168,168,0.39309552,0.056151856,168.0
169,169,169,169,169,169,169,169,169,169,169,169,169,169,169,169,169,169,169,169,169,0.40333945,0.062708594,169.0
170,170,170,170,170,170,170,170,170,170,170,170,170,170,170,170,170,170,170,170,170,0.54364246,0.0032517517,170.0
171,171,171,171,171,171,171,171,171,171,171,171,171,171,171,171,171,171,171,171,171,0.5332267,0.026765587,171.0
172,172,172,172,172,172,172,172,172,172,172,172,172,172,172,172,172,172,172,172,172,0.5879697,0.100476235,172.0
173,173,173,173,173,173,173,173,173,173,173,173,173,173,173,173,173,173,173,173,173,0.61250395,0.13737217,173.0
174,174,174,174,174,174,174,174,174,174,174,174,174,174,174,174,174,174,174,174,174,0.69227344,0.123650044,174.0
175,175,175,175,175,175,175,175,175,175,175,175,175,175,175,175,175,175,175,175,175,0.41319963,0.15529709,175.0
176,176,176,176,176,176,176,176,176,176,176,176,176,176,176,176,176,176,176,176,176,0.79428697,0.21942146,176.0
177,177,177,177,177,177,177,177,177,177,177,177,177,177,177,177,177,177,177,177,177,0.5766615,0.1758497,177.0
178,178,178,178,178,178,178,178,178,178,178,178,178,178,178,178,178,178,178,178,178,0.79362977,0.20672217,178.0
179,179,179,179,179,179,179,179,179,179,179,179,179,179,179,179,179,179,179,179,179,0.5548984,0.15593,179.0
180,180,180,180,180,180,180,180,180,180,180,180,180,180,180,180,180,180,180,180,180,0.6115804,0.17738675,180.0
181,181,181,181,181,181,181,181,181,181,181,181,181,181,181,181,181,181,181,181,181,0.58240914,0.17067726,181.0
182,182,182,182,182,182,182,182,182,182,182,182,182,182,182,182,182,182,182,182,182,0.38704866,0.14812264,182.0
183,183,183,183,183,183,183,183,183,183,183,183,183,183,183,183,183,183,183,183,183,0.38733137,0.14802814,183.0
184,184,184,184,184,184,184,184,184,184,184,184,184,184,184,184,184,184,184,184,184,0.7187625,0.21137904,184.0
185,185,185,185,185,185,185,185,185,185,185,185,185,185,185,185,185,185,185,185,185,0.71518356,0.21192679,185.0
186,186,186,186,186,186,186,186,186,186,186,186,186,186,186,186,186,186,186,186,186,0.6500309,0.20277414,186.0
187,187,187,187,187,187,187,187,187,187,187,187,187,187,187,187,187,187,187,187,187,0.587637,0.17631981,187.0
188,188,188,188,188,188,188,188,188,188,188,188,188,188,188,188,188,188,188,188,188,0.6890828,0.2034437,188.0
189,189,189,189,189,189,189,189,189,189,189,189,189,189,189,189,189,189,189,189,189,0.5025116,0.15187615,189.0
190,190,190,190,190,190,190,190,190,190,190,190,190,190,190,190,190,190,190,190,190,0.50407314,0.1543556,190.0
191,191,191,191,191,191,191,191,191,191,191,191,191,191,191,191,191,191,191,191,191,0.4394435,0.1437516,191.0
192,192,192,192,192,192,192,192,192,192,192,192,192,192,192,192,192,192,192,192,192,0.5039884,0.16381022,192.0
193,193,193,193,193,193,193,193,193,193,193,193,193,193,193,193,193,193,193,193,193,0.60280085,0.18257643,193.0
194,194,194,194,194,194,194,194,194,194,194,194,194,194,194,194,194,194,194,194,194,0.65833884,0.1794405,194.0
195,195,195,195,195,195,195,195,195,195,195,195,195,195,195,195,195,195,195,195,195,0.9376485,0.19196355,195.0
196,196,196,196,196,196,196,196,196,196,196,196,196,196,196,196,196,196,196,196,196,0.39441654,0.10454459,196.0
197,197,197,197,197,197,197,197,197,197,197,197,197,197,197,197,197,197,197,197,197,0.6107227,0.14395365,197.0
198,198,198,198,198,198,198,198,198,198,198,198,198,198,198,198,198,198,198,198,198,0.9420102,0.18466362,198.0
199,199,199,199,199,199,199,199,199,199,199,199,199,199,199,199,199,199,199,199,199,0.7310846,0.12170808,199.0
200,200,200,200,200,200,200,200,200,200,200,200,200,200,200,200,200,200,200,200,200,0.73271865,0.119538754,200.0
201,201,201,201,201,201,201,201,201,201,201,201,201,201,201,201,201,201,201,201,201,0.5826853,0.098184794,201.0
202,202,202,202,202,202,202,202,202,202,202,202,202,202,202,202,202,202,202,202,202,0.56126577,0.12058259,202.0
203,203,203,203,203,203,203,203,203,203,203,203,203,203,203,203,203,203,203,203,203,0.7293516,0.120543435,203.0
204,204,204,204,204,204,204,204,204,204,204,204,204,204,204,204,204,204,204,204,204,0.41352656,0.10221055,204.0
205,205,205,205,205,205,205,205,205,205,205,205,205,205,205,205,205,205,205,205,205,0.37270093,0.118751675,205.0
206,206,206,206,206,206,206,206,206,206,206,206,206,206,206,206,206,206,206,206,206,0.55799323,0.1163461,206.0
207,207,207,207,207,207,207,207,207,207,207,207,207,207,207,207,207,207,207,207,207,0.5318005,0.09845822,207.0
208,208,208,208,208,208,208,208,208,208,208,208,208,208,208,208,208,208,208,208,208,0.5298083,0.09950272,208.0
209,209,209,209,209,209,209,209,209,209,209,209,209,209,209,209,209,209,209,209,209,0.54956955,0.109464504,209.0
210,210,210,210,210,210,210,210,210,210,210,210,210,210,210,210,210,210,210,210,210,0.64573723,0.12909912,210.0
211,211,211,211,211,211,211,211,211,211,211,211,211,211,211,211,211,211,211,211,211,0.62834585,0.12591064,211.0
212,212,212,212,212,212,212,212,212,212,212,212,212,212,212,212,212,212,212,212,212,0.62470144,0.12519616,212.0
213,213,213,213,213,213,213,213,213,213,213,213,213,213,213,213,213,213,213,213,213,0.6432137,0.12893428,213.0
214,214,214,214,214,214,214,214,214,214,214,214,214,214,214,214,214,214,214,214,214,0.64032793,0.13053182,214.0
215,215,215,215,215,215,215,215,215,215,215,215,215,215,215,215,215,215,215,215,215,0.616195,0.11376059,215.0
216,216,216,216,216,216,216,216,216,216,216,216,216,216,216,216,216,216,216,216,216,0.6138317,0.11187823,216.0
217,217,217,217,217,217,217,217,217,217,217,217,217,217,217,217,217,217,217,217,217,0.6355039,0.1276256,217.0
218,218,218,218,218,218,218,218,218,218,218,218,218,218,218,218,218,218,218,218,218,0.71071,0.1400675,218.0
219,219,219,219,219,219,219,219,219,219,219,219,219,219,219,219,219,219,219,219,219,0.69120467,0.13316534,219.0
220,220,220,220,220,220,220,220,220,220,220,220,220,220,220,220,220,220,220,220,220,0.6889253,0.13164966,220.0
221,221,221,221,221,221,221,221,221,221,221,221,221,221,221,221,221,221,221,221,221,0.7086439,0.13735342,221.0
222,222,222,222,222,222,222,222,222,222,222,222,222,222,222,222,222,222,222,222,222,0.715539,0.12821053,222.0
223,223,223,223,223,223,223,223,223,223,223,223,223,223,223,223,223,223,223,223,223,0.70893925,0.1268119,223.0
224,224,224,224,224,224,224,224,224,224,224,224,224,224,224,224,224,224,224,224,224,0.7081675,0.12564348,224.0
225,225,225,225,225,225,225,225,225,225,225,225,225,225,225,225,225,225,225,225,225,0.7127481,0.12524118,225.0
226,226,226,226,226,226,226,226,226,226,226,226,226,226,226,226,226,226,226,226,226,0.7662677,0.13420913,226.0
227,227,227,227,227,227,227,227,227,227,227,227,227,227,227,227,227,227,227,227,227,0.7496818,0.1285152,227.0
228,228,228,228,228,228,228,228,228,228,228,228,228,228,228,228,228,228,228,228,228,0.7504677,0.13024881,228.0
229,229,229,229,229,229,229,229,229,229,229,229,229,229,229,229,229,229,229,229,229,0.764095,0.1327571,229.0
230,230,230,230,230,230,230,230,230,230,230,230,230,230,230,230,230,230,230,230,230,0.80541795,0.14563474,230.0
231,231,231,231,231,231,231,231,231,231,231,231,231,231,231,231,231,231,231,231,231,0.79873323,0.1392146,231.0
232,232,232,232,232,232,232,232,232,232,232,232,232,232,232,232,232,232,232,232,232,0.7981893,0.13823645,232.0
233,233,233,233,233,233,233,233,233,233,233,233,233,233,233,233,233,233,233,233,233,0.8035314,0.14369667,233.0
234,234,234,234,234,234,234,234,234,234,234,234,234,234,234,234,234,234,234,234,234,0.84510946,0.14709088,234.0
235,235,235,235,235,235,235,235,235,235,235,235,235,235,235,235,235,235,235,235,235,0.8334099,0.14681277,235.0
236,236,236,236,236,236,236,236,236,236,236,236,236,236,236,236,236,236,236,236,236,0.82523656,0.13989785,236.0
237,237,237,237,237,237,237,237,237,237,237,237,237,237,237,237,237,237,237,237,237,0.84443814,0.14809135,237.0
238,238,238,238,238,238,238,238,238,238,238,238,238,238,238,238,238,238,238,238,238,0.8841538,0.13847569,238.0
239,239,239,239,239,239,239,239,239,239,239,239,239,239,239,239,239,239,239,239,239,0.8943,0.15589842,239.0
240,240,240,240,240,240,240,240,240,240,240,240,240,240,240,240,240,240,240,240,240,0.89260256,0.15491393,240.0
241,241,241,241,241,241,241,241,241,241,241,241,241,241,241,241,241,241,241,241,241,0.88176304,0.13591826,241.0
242,242,242,242,242,242,242,242,242,242,242,242,242,242,242,242,242,242,242,242,242,0.9084716,0.14446881,242.0
243,243,243,243,243,243,243,243,243,243,243,243,243,243,243,243,243,243,243,243,243,0.8910853,0.13626021,243.0
244,244,244,244,244,244,244,244,244,244,244,244,244,244,244,244,244,244,244,244,244,0.8904886,0.13571735,244.0
245,245,245,245,245,245,245,245,245,245,245,245,245,245,245,245,245,245,245,245,245,0.9059728,0.14220262,245.0
246,246,246,246,246,246,246,246,246,246,246,246,246,246,246,246,246,246,246,246,246,0.98411995,0.16168346,246.0
247,247,247,247,247,247,247,247,247,247,247,247,247,247,247,247,247,247,247,247,247,0.97251517,0.15079749,247.0
248,248,248,248,248,248,248,248,248,248,248,248,248,248,248,248,248,248,248,248,248,0.9721373,0.15013306,248.0
249,249,249,249,249,249,249,249,249,249,249,249,249,249,249,249,249,249,249,249,249,0.98175293,0.15882826,249.0
250,250,250,250,250,250,250,250,250,250,250,250,250,250,250,250,250,250,250,250,250,0.98595685,0.14780164,250.0
251,251,251,251,251,251,251,251,251,251,251,251,251,251,251,251,251,251,251,251,251,0.98911834,0.15724902,251.0
252,252,252,252,252,252,252,252,252,252,252,252,252,252,252,252,252,252,252,252,252,0.9879289,0.15606198,252.0
253,253,253,253,253,253,253,253,253,253,253,253,253,253,253,253,253,253,253,253,253,0.9831504,0.14522384,253.0
254,254,254,254,254,254,254,254,254,254,254,254,254,254,254,254,254,254,254,254,254,0.5389087,0.11722375,254.0
255,255,255,255,255,255,255,255,255,255,255,255,255,255,255,255,255,255,255,255,255,0.5315666,0.11589212,255.0
256,256,256,256,256,256,256,256,256,256,256,256,256,256,256,256,256,256,256,256,256,0.5754912,0.12116994,256.0
257,257,257,257,257,257,257,257,257,257,257,257,257,257,257,257,257,257,257,257,257,0.55006415,0.11284194,257.0
258,258,258,258,258,258,258,258,258,258,258,258,258,258,258,258,258,258,258,258,258,0.5439102,0.11199488,258.0
259,259,259,259,259,259,259,259,259,259,259,259,259,259,259,259,259,259,259,259,259,0.5710637,0.11868193,259.0
260,260,260,260,260,260,260,260,260,260,260,260,260,260,260,260,260,260,260,260,260,0.58924025,0.11749208,260.0
261,261,261,261,261,261,261,261,261,261,261,261,261,261,261,261,261,261,261,261,261,0.5657968,0.10826707,261.0
262,262,262,262,262,262,262,262,262,262,262,262,262,262,262,262,262,262,262,262,262,0.5608148,0.107574075,262.0
263,263,263,263,263,263,263,263,263,263,263,263,263,263,263,263,263,263,263,263,263,0.5860458,0.11590323,263.0
264,264,264,264,264,264,264,264,264,264,264,264,264,264,264,264,264,264,264,264,264,0.6120886,0.11736185,264.0
265,265,265,265,265,265,265,265,265,265,265,265,265,265,265,265,265,265,265,265,265,0.5918238,0.113104515,265.0
266,266,266,266,266,266,266,266,266,266,266,266,266,266,266,266,266,266,266,266,266,0.5913619,0.11716189,266.0
267,267,267,267,267,267,267,267,267,267,267,267,267,267,267,267,267,267,267,267,267,0.60876024,0.116235495,267.0
268,268,268,268,268,268,268,268,268,268,268,268,268,268,268,268,268,268,268,268,268,0.53386694,0.11369153,268.0
269,269,269,269,269,269,269,269,269,269,269,269,269,269,269,269,269,269,269,269,269,0.51633877,0.10113689,269.0
270,270,270,270,270,270,270,270,270,270,270,270,270,270,270,270,270,270,270,270,270,0.61182785,0.12049704,270.0
271,271,271,271,271,271,271,271,271,271,271,271,271,271,271,271,271,271,271,271,271,0.6090306,0.12236601,271.0
272,272,272,272,272,272,272,272,272,272,272,272,272,272,272,272,272,272,272,272,272,0.5535574,0.13180742,272.0
273,273,273,273,273,273,273,273,273,273,273,273,273,273,273,273,273,273,273,273,273,0.5378546,0.11947469,273.0
274,274,274,274,274,274,274,274,274,274,274,274,274,274,274,274,274,274,274,274,274,0.54300725,0.112114355,274.0
275,275,275,275,275,275,275,275,275,275,275,275,275,275,275,275,275,275,275,275,275,0.53476155,0.124239534,275.0
276,276,276,276,276,276,276,276,276,276,276,276,276,276,276,276,276,276,276,276,276,0.53942364,0.122768156,276.0
277,277,277,277,277,277,277,277,277,277,277,277,277,277,277,277,277,277,277,277,277,0.54318875,0.124495916,277.0
278,278,278,278,278,278,278,278,278,278,278,278,278,278,278,278,278,278,278,278,278,0.63065624,0.14193392,278.0
279,279,279,279,279,279,279,279,279,279,279,279,279,279,279,279,279,279,279,279,279,0.60364974,0.1271416,279.0
280,280,280,280,280,280,280,280,280,280,280,280,280,280,280,280,280,280,280,280,280,0.69605404,0.13436511,280.0
281,281,281,281,281,281,281,281,281,281,281,281,281,281,281,281,281,281,281,281,281,0.55442023,0.12915686,281.0
282,282,282,282,282,282,282,282,282,282,282,282,282,282,282,282,282,282,282,282,282,0.57833636,0.12894186,282.0
283,283,283,283,283,283,283,283,283,283,283,283,283,283,283,283,283,283,283,283,283,0.6059584,0.13493463,283.0
284,284,284,284,284,284,284,284,284,284,284,284,284,284,284,284,284,284,284,284,284,0.6307208,0.12840484,284.0
285,285,285,285,285,285,285,285,285,285,285,285,285,285,285,285,285,285,285,285,285,0.6237052,0.12658608,285.0
286,286,286,286,286,286,286,286,286,286,286,286,286,286,286,286,286,286,286,286,286,0.6911586,0.13851932,286.0
287,287,287,287,287,287,287,287,287,287,287,287,287,287,287,287,287,287,287,287,287,0.6734826,0.12923717,287.0
288,288,288,288,288,288,288,288,288,288,288,288,288,288,288,288,288,288,288,288,288,0.7230216,0.1449573,288.0
289,289,289,289,289,289,289,289,289,289,289,289,289,289,289,289,289,289,289,289,289,0.71621954,0.14089726,289.0
290,290,290,290,290,290,290,290,290,290,290,290,290,290,290,290,290,290,290,290,290,0.76341265,0.14140005,290.0
291,291,291,291,291,291,291,291,291,291,291,291,291,291,291,291,291,291,291,291,291,0.7568709,0.14789039,291.0
292,292,292,292,292,292,292,292,292,292,292,292,292,292,292,292,292,292,292,292,292,0.8105811,0.14957294,292.0
293,293,293,293,293,293,293,293,293,293,293,293,293,293,293,293,293,293,293,293,293,0.80520093,0.1471896,293.0
294,294,294,294,294,294,294,294,294,294,294,294,294,294,294,294,294,294,294,294,294,0.8386279,0.15313703,294.0
295,295,295,295,295,295,295,295,295,295,295,295,295,295,295,295,295,295,295,295,295,0.82545865,0.15001237,295.0
296,296,296,296,296,296,296,296,296,296,296,296,296,296,296,296,296,296,296,296,296,0.90599185,0.16591886,296.0
297,297,297,297,297,297,297,297,297,297,297,297,297,297,297,297,297,297,297,297,297,0.9006774,0.16432352,297.0
298,298,298,298,298,298,298,298,298,298,298,298,298,298,298,298,298,298,298,298,298,0.9073555,0.15115659,298.0
299,299,299,299,299,299,299,299,299,299,299,299,299,299,299,299,299,299,299,299,299,0.90290034,0.15187661,299.0
300,300,300,300,300,300,300,300,300,300,300,300,300,300,300,300,300,300,300,300,300,0.9864317,0.16361323,300.0
301,301,301,301,301,301,301,301,301,301,301,301,301,301,301,301,301,301,301,301,301,0.98228085,0.1592062,301.0
302,302,302,302,302,302,302,302,302,302,302,302,302,302,302,302,302,302,302,302,302,0.9992851,0.16472077,302.0
303,303,303,303,303,303,303,303,303,303,303,303,303,303,303,303,303,303,303,303,303,0.9911744,0.16231723,303.0
304,304,304,304,304,304,304,304,304,304,304,304,304,304,304,304,304,304,304,304,304,0.4109109,0.12827611,304.0
305,305,305,305,305,305,305,305,305,305,305,305,305,305,305,305,305,305,305,305,305,0.41838622,0.11733477,305.0
306,306,306,306,306,306,306,306,306,306,306,306,306,306,306,306,306,306,306,306,306,0.44442055,0.12231261,306.0
307,307,307,307,307,307,307,307,307,307,307,307,307,307,307,307,307,307,307,307,307,0.3561742,0.11812922,307.0
308,308,308,308,308,308,308,308,308,308,308,308,308,308,308,308,308,308,308,308,308,0.45865268,0.124210045,308.0
309,309,309,309,309,309,309,309,309,309,309,309,309,309,309,309,309,309,309,309,309,0.3823538,0.13269575,309.0
310,310,310,310,310,310,310,310,310,310,310,310,310,310,310,310,310,310,310,310,310,0.46725732,0.121146694,310.0
311,311,311,311,311,311,311,311,311,311,311,311,311,311,311,311,311,311,311,311,311,0.39438388,0.1145054,311.0
312,312,312,312,312,312,312,312,312,312,312,312,312,312,312,312,312,312,312,312,312,0.38443318,0.107776195,312.0
313,313,313,313,313,313,313,313,313,313,313,313,313,313,313,313,313,313,313,313,313,0.41958052,0.130235,313.0
314,314,314,314,314,314,314,314,314,314,314,314,314,314,314,314,314,314,314,314,314,0.38233733,0.11394156,314.0
315,315,315,315,315,315,315,315,315,315,315,315,315,315,315,315,315,315,315,315,315,0.38192925,0.10930193,315.0
316,316,316,316,316,316,316,316,316,316,316,316,316,316,316,316,316,316,316,316,316,0.3822436,0.106771566,316.0
317,317,317,317,317,317,317,317,317,317,317,317,317,317,317,317,317,317,317,317,317,0.39104718,0.11252289,317.0
318,318,318,318,318,318,318,318,318,318,318,318,318,318,318,318,318,318,318,318,318,0.48648083,0.118101574,318.0
319,319,319,319,319,319,319,319,319,319,319,319,319,319,319,319,319,319,319,319,319,0.4750563,0.11386406,319.0
320,320,320,320,320,320,320,320,320,320,320,320,320,320,320,320,320,320,320,320,320,0.5633025,0.12262071,320.0
321,321,321,321,321,321,321,321,321,321,321,321,321,321,321,321,321,321,321,321,321,0.4150012,0.111504175,321.0
322,322,322,322,322,322,322,322,322,322,322,322,322,322,322,322,322,322,322,322,322,0.4383985,0.11338666,322.0
323,323,323,323,323,323,323,323,323,323,323,323,323,323,323,323,323,323,323,323,323,0.45564646,0.113388136,323.0
324,324,324,324,324,324,324,324,324,324,324,324,324,324,324,324,324,324,324,324,324,0.47468746,0.11802897,324.0
325,325,325,325,325,325,325,325,325,325,325,325,325,325,325,325,325,325,325,325,325,0.43057325,0.120630875,325.0
326,326,326,326,326,326,326,326,326,326,326,326,326,326,326,326,326,326,326,326,326,0.41609412,0.11072282,326.0
327,327,327,327,327,327,327,327,327,327,327,327,327,327,327,327,327,327,327,327,327,0.51890486,0.119971745,327.0
328,328,328,328,328,328,328,328,328,328,328,328,328,328,328,328,328,328,328,328,328,0.5081924,0.11817625,328.0
329,329,329,329,329,329,329,329,329,329,329,329,329,329,329,329,329,329,329,329,329,0.4532233,0.10969629,329.0
330,330,330,330,330,330,330,330,330,330,330,330,330,330,330,330,330,330,330,330,330,0.44973785,0.10644957,330.0
331,331,331,331,331,331,331,331,331,331,331,331,331,331,331,331,331,331,331,331,331,0.5582623,0.13009547,331.0
332,332,332,332,332,332,332,332,332,332,332,332,332,332,332,332,332,332,332,332,332,0.5491397,0.12948737,332.0
333,333,333,333,333,333,333,333,333,333,333,333,333,333,333,333,333,333,333,333,333,0.50368595,0.11838134,333.0
334,334,334,334,334,334,334,334,334,334,334,334,334,334,334,334,334,334,334,334,334,0.5036957,0.123195626,334.0
335,335,335,335,335,335,335,335,335,335,335,335,335,335,335,335,335,335,335,335,335,0.6013087,0.14205168,335.0
336,336,336,336,336,336,336,336,336,336,336,336,336,336,336,336,336,336,336,336,336,0.5794114,0.13282192,336.0
337,337,337,337,337,337,337,337,337,337,337,337,337,337,337,337,337,337,337,337,337,0.5336542,0.11922279,337.0
338,338,338,338,338,338,338,338,338,338,338,338,338,338,338,338,338,338,338,338,338,0.55652696,0.1219607,338.0
339,339,339,339,339,339,339,339,339,339,339,339,339,339,339,339,339,339,339,339,339,0.38307175,0.12018762,339.0
340,340,340,340,340,340,340,340,340,340,340,340,340,340,340,340,340,340,340,340,340,0.38494027,0.112432346,340.0
341,341,341,341,341,341,341,341,341,341,341,341,341,341,341,341,341,341,341,341,341,0.5461997,0.12960327,341.0
342,342,342,342,342,342,342,342,342,342,342,342,342,342,342,342,342,342,342,342,342,0.37653032,0.12620483,342.0
343,343,343,343,343,343,343,343,343,343,343,343,343,343,343,343,343,343,343,343,343,0.5565086,0.13434492,343.0
344,344,344,344,344,344,344,344,344,344,344,344,344,344,344,344,344,344,344,344,344,0.3891301,0.13350558,344.0
345,345,345,345,345,345,345,345,345,345,345,345,345,345,345,345,345,345,345,345,345,0.55459714,0.13685036,345.0
346,346,346,346,346,346,346,346,346,346,346,346,346,346,346,346,346,346,346,346,346,0.37961295,0.1280219,346.0
347,347,347,347,347,347,347,347,347,347,347,347,347,347,347,347,347,347,347,347,347,0.5546544,0.1340778,347.0
348,348,348,348,348,348,348,348,348,348,348,348,348,348,348,348,348,348,348,348,348,0.38350752,0.12953587,348.0
349,349,349,349,349,349,349,349,349,349,349,349,349,349,349,349,349,349,349,349,349,0.55232334,0.13444614,349.0
350,350,350,350,350,350,350,350,350,350,350,350,350,350,350,350,350,350,350,350,350,0.3790466,0.1274225,350.0
351,351,351,351,351,351,351,351,351,351,351,351,351,351,351,351,351,351,351,351,351,0.88267297,0.19576904,351.0
352,352,352,352,352,352,352,352,352,352,352,352,352,352,352,352,352,352,352,352,352,0.6121375,0.17617913,352.0
353,353,353,353,353,353,353,353,353,353,353,353,353,353,353,353,353,353,353,353,353,0.87713283,0.19389641,353.0
354,354,354,354,354,354,354,354,354,354,354,354,354,354,354,354,354,354,354,354,354,0.605302,0.17119953,354.0
355,355,355,355,355,355,355,355,355,355,355,355,355,355,355,355,355,355,355,355,355,0.8847742,0.19624536,355.0
356,356,356,356,356,356,356,356,356,356,356,356,356,356,356,356,356,356,356,356,356,0.61072403,0.17245808,356.0
357,357,357,357,357,357,357,357,357,357,357,357,357,357,357,357,357,357,357,357,357,0.8784072,0.19375853,357.0
358,358,358,358,358,358,358,358,358,358,358,358,358,358,358,358,358,358,358,358,358,0.60823965,0.17254119,358.0
359,359,359,359,359,359,359,359,359,359,359,359,359,359,359,359,359,359,359,359,359,0.5466963,0.16769859,359.0
360,360,360,360,360,360,360,360,360,360,360,360,360,360,360,360,360,360,360,360,360,0.54240197,0.17327419,360.0
361,361,361,361,361,361,361,361,361,361,361,361,361,361,361,361,361,361,361,361,361,0.86632293,0.19385426,361.0
362,362,362,362,362,362,362,362,362,362,362,362,362,362,362,362,362,362,362,362,362,0.61064523,0.16642334,362.0
363,363,363,363,363,363,363,363,363,363,363,363,363,363,363,363,363,363,363,363,363,0.5546821,0.1646384,363.0
364,364,364,364,364,364,364,364,364,364,364,364,364,364,364,364,364,364,364,364,364,0.5126207,0.17890157,364.0
365,365,365,365,365,365,365,365,365,365,365,365,365,365,365,365,365,365,365,365,365,0.5162524,0.17958486,365.0
366,366,366,366,366,366,366,366,366,366,366,366,366,366,366,366,366,366,366,366,366,0.5152931,0.17636406,366.0
367,367,367,367,367,367,367,367,367,367,367,367,367,367,367,367,367,367,367,367,367,0.51802856,0.17627771,367.0
368,368,368,368,368,368,368,368,368,368,368,368,368,368,368,368,368,368,368,368,368,0.5218143,0.1770286,368.0
369,369,369,369,369,369,369,369,369,369,369,369,369,369,369,369,369,369,369,369,369,0.86876106,0.19263165,369.0
370,370,370,370,370,370,370,370,370,370,370,370,370,370,370,370,370,370,370,370,370,0.6029784,0.17285429,370.0
371,371,371,371,371,371,371,371,371,371,371,371,371,371,371,371,371,371,371,371,371,0.305925,-0.047467154,371.0
372,372,372,372,372,372,372,372,372,372,372,372,372,372,372,372,372,372,372,372,372,0.65619934,0.025045639,372.0
373,373,373,373,373,373,373,373,373,373,373,373,373,373,373,373,373,373,373,373,373,0.441409,-0.03800905,373.0
374,374,374,374,374,374,374,374,374,374,374,374,374,374,374,374,374,374,374,374,374,0.42424485,0.015222704,374.0
375,375,375,375,375,375,375,375,375,375,375,375,375,375,375,375,375,375,375,375,375,0.39492983,-0.023459015,375.0
376,376,376,376,376,376,376,376,376,376,376,376,376,376,376,376,376,376,376,376,376,0.4533735,-0.050504994,376.0
377,377,377,377,377,377,377,377,377,377,377,377,377,377,377,377,377,377,377,377,377,0.6297365,0.24918139,377.0
378,378,378,378,378,378,378,378,378,378,378,378,378,378,378,378,378,378,378,378,378,0.4852559,0.034733936,378.0
379,379,379,379,379,379,379,379,379,379,379,379,379,379,379,379,379,379,379,379,379,0.5574455,0.0016315521,379.0
380,380,380,380,380,380,380,380,380,380,380,380,380,380,380,380,380,380,380,380,380,0.3786045,-0.021519063,380.0
381,381,381,381,381,381,381,381,381,381,381,381,381,381,381,381,381,381,381,381,381,0.38961267,-0.015652074,381.0
382,382,382,382,382,382,382,382,382,382,382,382,382,382,382,382,382,382,382,382,382,0.3437374,-0.050518382,382.0
383,383,383,383,383,383,383,383,383,383,383,383,383,383,383,383,383,383,383,383,383,0.7085983,0.048088282,383.0
384,384,384,384,384,384,384,384,384,384,384,384,384,384,384,384,384,384,384,384,384,0.6331502,0.093645416,384.0
385,385,385,385,385,385,385,385,385,385,385,385,385,385,385,385,385,385,385,385,385,0.6258,0.091368124,385.0
386,386,386,386,386,386,386,386,386,386,386,386,386,386,386,386,386,386,386,386,386,0.62787074,0.09602059,386.0
387,387,387,387,387,387,387,387,387,387,387,387,387,387,387,387,387,387,387,387,387,0.64786065,0.1002999,387.0
388,388,388,388,388,388,388,388,388,388,388,388,388,388,388,388,388,388,388,388,388,0.7090928,0.10272911,388.0
389,389,389,389,389,389,389,389,389,389,389,389,389,389,389,389,389,389,389,389,389,0.78908217,0.11412913,389.0
390,390,390,390,390,390,390,390,390,390,390,390,390,390,390,390,390,390,390,390,390,0.51580846,0.076599434,390.0
391,391,391,391,391,391,391,391,391,391,391,391,391,391,391,391,391,391,391,391,391,0.50716686,0.06241222,391.0
392,392,392,392,392,392,392,392,392,392,392,392,392,392,392,392,392,392,392,392,392,0.5061117,0.051110722,392.0
393,393,393,393,393,393,393,393,393,393,393,393,393,393,393,393,393,393,393,393,393,0.53786296,0.07354165,393.0
394,394,394,394,394,394,394,394,394,394,394,394,394,394,394,394,394,394,394,394,394,0.49650693,0.054131754,394.0
395,395,395,395,395,395,395,395,395,395,395,395,395,395,395,395,395,395,395,395,395,0.4856607,0.05392135,395.0
396,396,396,396,396,396,396,396,396,396,396,396,396,396,396,396,396,396,396,396,396,0.5197703,0.054678723,396.0
397,397,397,397,397,397,397,397,397,397,397,397,397,397,397,397,397,397,397,397,397,0.5629776,0.086442664,397.0
398,398,398,398,398,398,398,398,398,398,398,398,398,398,398,398,398,398,398,398,398,0.5811946,0.08769921,398.0
399,399,399,399,399,399,399,399,399,399,399,399,399,399,399,399,399,399,399,399,399,0.59993345,0.08053744,399.0
400,400,400,400,400,400,400,400,400,400,400,400,400,400,400,400,400,400,400,400,400,0.6515084,0.102855556,400.0
401,401,401,401,401,401,401,401,401,401,401,401,401,401,401,401,401,401,401,401,401,0.6506374,0.10412316,401.0
402,402,402,402,402,402,402,402,402,402,402,402,402,402,402,402,402,402,402,402,402,0.73228526,0.123741955,402.0
403,403,403,403,403,403,403,403,403,403,403,403,403,403,403,403,403,403,403,403,403,0.83515376,0.15955608,403.0
404,404,404,404,404,404,404,404,404,404,404,404,404,404,404,404,404,404,404,404,404,0.8811546,0.13018362,404.0
405,405,405,405,405,405,405,405,405,405,405,405,405,405,405,405,405,405,405,405,405,0.46051523,0.08771446,405.0
406,406,406,406,406,406,406,406,406,406,406,406,406,406,406,406,406,406,406,406,406,0.44861194,0.063528374,406.0
407,407,407,407,407,407,407,407,407,407,407,407,407,407,407,407,407,407,407,407,407,0.47097626,0.06265493,407.0
408,408,408,408,408,408,408,408,408,408,408,408,408,408,408,408,408,408,408,408,408,0.51062834,0.075456336,408.0
409,409,409,409,409,409,409,409,409,409,409,409,409,409,409,409,409,409,409,409,409,0.50361484,0.082873255,409.0
410,410,410,410,410,410,410,410,410,410,410,410,410,410,410,410,410,410,410,410,410,0.5496796,0.08956192,410.0
411,411,411,411,411,411,411,411,411,411,411,411,411,411,411,411,411,411,411,411,411,0.6090774,0.12302385,411.0
412,412,412,412,412,412,412,412,412,412,412,412,412,412,412,412,412,412,412,412,412,0.6419954,0.12947251,412.0
413,413,413,413,413,413,413,413,413,413,413,413,413,413,413,413,413,413,413,413,413,0.57490647,0.09691177,413.0
414,414,414,414,414,414,414,414,414,414,414,414,414,414,414,414,414,414,414,414,414,0.5551791,0.058622956,414.0
415,415,415,415,415,415,415,415,415,415,415,415,415,415,415,415,415,415,415,415,415,0.5670418,0.06773876,415.0
416,416,416,416,416,416,416,416,416,416,416,416,416,416,416,416,416,416,416,416,416,0.5495559,0.04346994,416.0
417,417,417,417,417,417,417,417,417,417,417,417,417,417,417,417,417,417,417,417,417,0.6477112,0.095275946,417.0
418,418,418,418,418,418,418,418,418,418,418,418,418,418,418,418,418,418,418,418,418,0.6263827,0.08623991,418.0
419,419,419,419,419,419,419,419,419,419,419,419,419,419,419,419,419,419,419,419,419,0.6264217,0.08613392,419.0
420,420,420,420,420,420,420,420,420,420,420,420,420,420,420,420,420,420,420,420,420,0.383291,0.07418923,420.0
421,421,421,421,421,421,421,421,421,421,421,421,421,421,421,421,421,421,421,421,421,0.61685973,0.106669255,421.0
422,422,422,422,422,422,422,422,422,422,422,422,422,422,422,422,422,422,422,422,422,0.4560266,0.076671295,422.0
423,423,423,423,423,423,423,423,423,423,423,423,423,423,423,423,423,423,423,423,423,0.52347016,0.11869312,423.0
424,424,424,424,424,424,424,424,424,424,424,424,424,424,424,424,424,424,424,424,424,0.6503563,0.10611035,424.0
425,425,425,425,425,425,425,425,425,425,425,425,425,425,425,425,425,425,425,425,425,0.550352,0.13005766,425.0
426,426,426,426,426,426,426,426,426,426,426,426,426,426,426,426,426,426,426,426,426,0.545561,0.0938812,426.0
427,427,427,427,427,427,427,427,427,427,427,427,427,427,427,427,427,427,427,427,427,0.3623122,0.08625124,427.0
428,428,428,428,428,428,428,428,428,428,428,428,428,428,428,428,428,428,428,428,428,0.39957413,0.08460267,428.0
429,429,429,429,429,429,429,429,429,429,429,429,429,429,429,429,429,429,429,429,429,0.3236025,0.07363414,429.0
430,430,430,430,430,430,430,430,430,430,430,430,430,430,430,430,430,430,430,430,430,0.4352942,0.06911443,430.0
431,431,431,431,431,431,431,431,431,431,431,431,431,431,431,431,431,431,431,431,431,0.4890926,0.06417898,431.0
432,432,432,432,432,432,432,432,432,432,432,432,432,432,432,432,432,432,432,432,432,0.3799826,0.06303547,432.0
433,433,433,433,433,433,433,433,433,433,433,433,433,433,433,433,433,433,433,433,433,0.41263,0.08888383,433.0
434,434,434,434,434,434,434,434,434,434,434,434,434,434,434,434,434,434,434,434,434,0.5237737,0.06093802,434.0
435,435,435,435,435,435,435,435,435,435,435,435,435,435,435,435,435,435,435,435,435,0.4206792,0.08923715,435.0
436,436,436,436,436,436,436,436,436,436,436,436,436,436,436,436,436,436,436,436,436,0.55070174,0.066420935,436.0
437,437,437,437,437,437,437,437,437,437,437,437,437,437,437,437,437,437,437,437,437,0.40556905,0.08078808,437.0
438,438,438,438,438,438,438,438,438,438,438,438,438,438,438,438,438,438,438,438,438,0.5513723,0.08245463,438.0
439,439,439,439,439,439,439,439,439,439,439,439,439,439,439,439,439,439,439,439,439,0.3804935,0.061594047,439.0
440,440,440,440,440,440,440,440,440,440,440,440,440,440,440,440,440,440,440,440,440,0.54189175,0.07412162,440.0
441,441,441,441,441,441,441,441,441,441,441,441,441,441,441,441,441,441,441,441,441,0.46856675,0.0750323,441.0
442,442,442,442,442,442,442,442,442,442,442,442,442,442,442,442,442,442,442,442,442,0.54216367,0.07301031,442.0
443,443,443,443,443,443,443,443,443,443,443,443,443,443,443,443,443,443,443,443,443,0.54202795,0.07203796,443.0
444,444,444,444,444,444,444,444,444,444,444,444,444,444,444,444,444,444,444,444,444,0.3866947,0.011289897,444.0
445,445,445,445,445,445,445,445,445,445,445,445,445,445,445,445,445,445,445,445,445,0.47097617,0.07565972,445.0
446,446,446,446,446,446,446,446,446,446,446,446,446,446,446,446,446,446,446,446,446,0.52616805,0.06193775,446.0
447,447,447,447,447,447,447,447,447,447,447,447,447,447,447,447,447,447,447,447,447,0.4418707,-0.027639125,447.0
448,448,448,448,448,448,448,448,448,448,448,448,448,448,448,448,448,448,448,448,448,0.5276397,0.055611923,448.0
449,449,449,449,449,449,449,449,449,449,449,449,449,449,449,449,449,449,449,449,449,0.5480227,0.06100929,449.0
450,450,450,450,450,450,450,450,450,450,450,450,450,450,450,450,450,450,450,450,450,0.38152614,-0.0046883603,450.0
451,451,451,451,451,451,451,451,451,451,451,451,451,451,451,451,451,451,451,451,451,0.419491,-0.040716313,451.0
452,452,452,452,452,452,452,452,452,452,452,452,452,452,452,452,452,452,452,452,452,0.37190786,0.05276828,452.0
453,453,453,453,453,453,453,453,453,453,453,453,453,453,453,453,453,453,453,453,453,0.44576347,0.058851413,453.0
454,454,454,454,454,454,454,454,454,454,454,454,454,454,454,454,454,454,454,454,454,0.5134972,0.07103836,454.0
455,455,455,455,455,455,455,455,455,455,455,455,455,455,455,455,455,455,455,455,455,0.41617575,0.09509289,455.0
456,456,456,456,456,456,456,456,456,456,456,456,456,456,456,456,456,456,456,456,456,0.44915026,0.05003224,456.0
457,457,457,457,457,457,457,457,457,457,457,457,457,457,457,457,457,457,457,457,457,0.50016356,0.045686953,457.0
458,458,458,458,458,458,458,458,458,458,458,458,458,458,458,458,458,458,458,458,458,0.4015755,0.07002935,458.0
459,459,459,459,459,459,459,459,459,459,459,459,459,459,459,459,459,459,459,459,459,0.44827172,0.06250249,459.0
460,460,460,460,460,460,460,460,460,460,460,460,460,460,460,460,460,460,460,460,460,0.44681528,0.060660858,460.0
461,461,461,461,461,461,461,461,461,461,461,461,461,461,461,461,461,461,461,461,461,0.44273394,0.059619877,461.0
462,462,462,462,462,462,462,462,462,462,462,462,462,462,462,462,462,462,462,462,462,0.43734658,0.059476193,462.0
463,463,463,463,463,463,463,463,463,463,463,463,463,463,463,463,463,463,463,463,463,0.44447526,0.060294926,463.0
464,464,464,464,464,464,464,464,464,464,464,464,464,464,464,464,464,464,464,464,464,0.4404159,0.057620075,464.0
465,465,465,465,465,465,465,465,465,465,465,465,465,465,465,465,465,465,465,465,465,0.4397372,0.058552723,465.0
466,466,466,466,466,466,466,466,466,466,466,466,466,466,466,466,466,466,466,466,466,0.4408919,0.05825073,466.0
467,467,467,467,467,467,467,467,467,467,467,467,467,467,467,467,467,467,467,467,467,0.44009736,0.058193825,467.0
468,468,468,468,468,468,468,468,468,468,468,468,468,468,468,468,468,468,468,468,468,0.4819113,0.12571631,468.0
469,469,469,469,469,469,469,469,469,469,469,469,469,469,469,469,469,469,469,469,469,0.48924333,0.13852055,469.0
470,470,470,470,470,470,470,470,470,470,470,470,470,470,470,470,470,470,470,470,470,0.41549435,0.06298247,470.0
471,471,471,471,471,471,471,471,471,471,471,471,471,471,471,471,471,471,471,471,471,0.62453264,0.07044277,471.0
472,472,472,472,472,472,472,472,472,472,472,472,472,472,472,472,472,472,472,472,472,0.9143162,0.062377788,472.0
473,473,473,473,473,473,473,473,473,473,473,473,473,473,473,473,473,473,473,473,473,0.38073584,0.025369437,473.0
474,474,474,474,474,474,474,474,474,474,474,474,474,474,474,474,474,474,474,474,474,0.6028311,0.029941214,474.0
475,475,475,475,475,475,475,475,475,475,475,475,475,475,475,475,475,475,475,475,475,0.87673223,0.035392832,475.0
476,476,476,476,476,476,476,476,476,476,476,476,476,476,476,476,476,476,476,476,476,0.5127253,0.06606854,476.0
477,477,477,477,477,477,477,477,477,477,477,477,477,477,477,477,477,477,477,477,477,0.70489126,0.0493504,477.0
478,478,478,478,478,478,478,478,478,478,478,478,478,478,478,478,478,478,478,478,478,0.96388584,0.075450115,478.0
479,479,479,479,479,479,479,479,479,479,479,479,479,479,479,479,479,479,479,479,479,0.56267154,0.06830092,479.0
480,480,480,480,480,480,480,480,480,480,480,480,480,480,480,480,480,480,480,480,480,0.6369464,0.061332773,480.0
481,481,481,481,481,481,481,481,481,481,481,481,481,481,481,481,481,481,481,481,481,0.5434381,0.101886265,481.0
482,482,482,482,482,482,482,482,482,482,482,482,482,482,482,482,482,482,482,482,482,0.6010402,0.10666957,482.0
483,483,483,483,483,483,483,483,483,483,483,483,483,483,483,483,483,483,483,483,483,0.47375965,0.06699366,483.0
484,484,484,484,484,484,484,484,484,484,484,484,484,484,484,484,484,484,484,484,484,0.6342238,0.09705168,484.0
485,485,485,485,485,485,485,485,485,485,485,485,485,485,485,485,485,485,485,485,485,0.39990836,0.081243135,485.0
486,486,486,486,486,486,486,486,486,486,486,486,486,486,486,486,486,486,486,486,486,0.4674955,0.06780721,486.0
487,487,487,487,487,487,487,487,487,487,487,487,487,487,487,487,487,487,487,487,487,0.57381445,0.0783468,487.0
488,488,488,488,488,488,488,488,488,488,488,488,488,488,488,488,488,488,488,488,488,0.5388964,0.08562329,488.0
489,489,489,489,489,489,489,489,489,489,489,489,489,489,489,489,489,489,489,489,489,0.41389218,0.015500567,489.0
490,490,490,490,490,490,490,490,490,490,490,490,490,490,490,490,490,490,490,490,490,0.42450133,0.028347965,490.0
491,491,491,491,491,491,491,491,491,491,491,491,491,491,491,491,491,491,491,491,491,0.39269355,0.030147182,491.0
492,492,492,492,492,492,492,492,492,492,492,492,492,492,492,492,492,492,492,492,492,0.7417867,0.061533034,492.0
493,493,493,493,493,493,493,493,493,493,493,493,493,493,493,493,493,493,493,493,493,0.74499846,0.065942355,493.0
494,494,494,494,494,494,494,494,494,494,494,494,494,494,494,494,494,494,494,494,494,0.5885994,0.020451153,494.0
495,495,495,495,495,495,495,495,495,495,495,495,495,495,495,495,495,495,495,495,495,0.6604266,0.025750397,495.0
496,496,496,496,496,496,496,496,496,496,496,496,496,496,496,496,496,496,496,496,496,0.57431066,0.053560544,496.0
497,497,497,497,497,497,497,497,497,497,497,497,497,497,497,497,497,497,497,497,497,0.57546693,0.058709297,497.0
498,498,498,498,498,498,498,498,498,498,498,498,498,498,498,498,498,498,498,498,498,0.3822272,0.0060541006,498.0
499,499,499,499,499,499,499,499,499,499,499,499,499,499,499,499,499,499,499,499,499,0.37041795,0.007138285,499.0
500,500,500,500,500,500,500,500,500,500,500,500,500,500,500,500,500,500,500,500,500,0.5123609,0.03984704,500.0
501,501,501,501,501,501,501,501,501,501,501,501,501,501,501,501,501,501,501,501,501,0.33568895,0.016767843,501.0
502,502,502,502,502,502,502,502,502,502,502,502,502,502,502,502,502,502,502,502,502,0.5762154,0.030779868,502.0
503,503,503,503,503,503,503,503,503,503,503,503,503,503,503,503,503,503,503,503,503,0.5582167,0.11400613,503.0
504,504,504,504,504,504,504,504,504,504,504,504,504,504,504,504,504,504,504,504,504,0.39815533,0.0745259,504.0
505,505,505,505,505,505,505,505,505,505,505,505,505,505,505,505,505,505,505,505,505,0.53176314,0.11698789,505.0
506,506,506,506,506,506,506,506,506,506,506,506,506,506,506,506,506,506,506,506,506,0.5116195,0.11986174,506.0
507,507,507,507,507,507,507,507,507,507,507,507,507,507,507,507,507,507,507,507,507,0.33413175,0.082774214,507.0
508,508,508,508,508,508,508,508,508,508,508,508,508,508,508,508,508,508,508,508,508,0.57381445,0.0783468,508.0
509,509,509,509,509,509,509,509,509,509,509,509,509,509,509,509,509,509,509,509,509,0.4674955,0.06780721,509.0
510,510,510,510,510,510,510,510,510,510,510,510,510,510,510,510,510,510,510,510,510,0.5417852,0.07592875,510.0
511,511,511,511,511,511,511,511,511,511,511,511,511,511,511,511,511,511,511,511,511,0.51786387,0.08309115,511.0
512,512,512,512,512,512,512,512,512,512,512,512,512,512,512,512,512,512,512,512,512,0.534119,0.09452335,512.0
513,513,513,513,513,513,513,513,513,513,513,513,513,513,513,513,513,513,513,513,513,0.38183287,0.06031622,513.0
514,514,514,514,514,514,514,514,514,514,514,514,514,514,514,514,514,514,514,514,514,0.51807946,0.10521798,514.0
515,515,515,515,515,515,515,515,515,515,515,515,515,515,515,515,515,515,515,515,515,0.48388466,0.095089085,515.0
516,516,516,516,516,516,516,516,516,516,516,516,516,516,516,516,516,516,516,516,516,0.41190916,0.036665,516.0
517,517,517,517,517,517,517,517,517,517,517,517,517,517,517,517,517,517,517,517,517,0.5990089,0.11029535,517.0
518,518,518,518,518,518,518,518,518,518,518,518,518,518,518,518,518,518,518,518,518,0.64250636,0.14329913,518.0
519,519,519,519,519,519,519,519,519,519,519,519,519,519,519,519,519,519,519,519,519,0.5954719,0.10855261,519.0
520,520,520,520,520,520,520,520,520,520,520,520,520,520,520,520,520,520,520,520,520,0.34509674,0.024652708,520.0
521,521,521,521,521,521,521,521,521,521,521,521,521,521,521,521,521,521,521,521,521,0.26778826,-0.026996283,521.0
522,522,522,522,522,522,522,522,522,522,522,522,522,522,522,522,522,522,522,522,522,0.39534986,0.07495334,522.0
523,523,523,523,523,523,523,523,523,523,523,523,523,523,523,523,523,523,523,523,523,0.3330488,0.04266548,523.0
524,524,524,524,524,524,524,524,524,524,524,524,524,524,524,524,524,524,524,524,524,0.53691316,0.07972003,524.0
525,525,525,525,525,525,525,525,525,525,525,525,525,525,525,525,525,525,525,525,525,0.54071474,0.067966886,525.0
526,526,526,526,526,526,526,526,526,526,526,526,526,526,526,526,526,526,526,526,526,0.5474786,0.07324779,526.0
527,527,527,527,527,527,527,527,527,527,527,527,527,527,527,527,527,527,527,527,527,0.5232305,0.05700934,527.0
528,528,528,528,528,528,528,528,528,528,528,528,528,528,528,528,528,528,528,528,528,0.5211622,0.046641324,528.0
529,529,529,529,529,529,529,529,529,529,529,529,529,529,529,529,529,529,529,529,529,0.547837,0.07153781,529.0
530,530,530,530,530,530,530,530,530,530,530,530,530,530,530,530,530,530,530,530,530,0.5363346,0.05867203,530.0
531,531,531,531,531,531,531,531,531,531,531,531,531,531,531,531,531,531,531,531,531,0.5353593,0.060182344,531.0
532,532,532,532,532,532,532,532,532,532,532,532,532,532,532,532,532,532,532,532,532,0.52512676,0.04939816,532.0
533,533,533,533,533,533,533,533,533,533,533,533,533,533,533,533,533,533,533,533,533,0.52029204,0.08963246,533.0
534,534,534,534,534,534,534,534,534,534,534,534,534,534,534,534,534,534,534,534,534,0.5134363,0.071207136,534.0
535,535,535,535,535,535,535,535,535,535,535,535,535,535,535,535,535,535,535,535,535,0.5301635,0.082246944,535.0
536,536,536,536,536,536,536,536,536,536,536,536,536,536,536,536,536,536,536,536,536,0.43513656,0.08029207,536.0
537,537,537,537,537,537,537,537,537,537,537,537,537,537,537,537,537,537,537,537,537,0.43349767,0.07872612,537.0
538,538,538,538,538,538,538,538,538,538,538,538,538,538,538,538,538,538,538,538,538,0.5336915,0.085937664,538.0
539,539,539,539,539,539,539,539,539,539,539,539,539,539,539,539,539,539,539,539,539,0.50786096,0.08530828,539.0
540,540,540,540,540,540,540,540,540,540,540,540,540,540,540,540,540,540,540,540,540,0.49942666,0.08233138,540.0
541,541,541,541,541,541,541,541,541,541,541,541,541,541,541,541,541,541,541,541,541,0.53016895,0.08597481,541.0
542,542,542,542,542,542,542,542,542,542,542,542,542,542,542,542,542,542,542,542,542,0.4878453,0.09140547,542.0
543,543,543,543,543,543,543,543,543,543,543,543,543,543,543,543,543,543,543,543,543,0.52267116,0.0773819,543.0
544,544,544,544,544,544,544,544,544,544,544,544,544,544,544,544,544,544,544,544,544,0.50737125,0.08105849,544.0
545,545,545,545,545,545,545,545,545,545,545,545,545,545,545,545,545,545,545,545,545,0.53734994,0.07877862,545.0
546,546,546,546,546,546,546,546,546,546,546,546,546,546,546,546,546,546,546,546,546,0.49871922,0.05671072,546.0
547,547,547,547,547,547,547,547,547,547,547,547,547,547,547,547,547,547,547,547,547,0.5376343,0.07101951,547.0
548,548,548,548,548,548,548,548,548,548,548,548,548,548,548,548,548,548,548,548,548,0.53039587,0.07773098,548.0
549,549,549,549,549,549,549,549,549,549,549,549,549,549,549,549,549,549,549,549,549,0.5255466,0.070432335,549.0
550,550,550,550,550,550,550,550,550,550,550,550,550,550,550,550,550,550,550,550,550,0.40248233,0.07688181,550.0
551,551,551,551,551,551,551,551,551,551,551,551,551,551,551,551,551,551,551,551,551,0.39302486,0.05920578,551.0
552,552,552,552,552,552,552,552,552,552,552,552,552,552,552,552,552,552,552,552,552,0.30391473,0.049988512,552.0
553,553,553,553,553,553,553,553,553,553,553,553,553,553,553,553,553,553,553,553,553,0.4234799,0.07813004,553.0
554,554,554,554,554,554,554,554,554,554,554,554,554,554,554,554,554,554,554,554,554,0.35269293,0.0688718,554.0
555,555,555,555,555,555,555,555,555,555,555,555,555,555,555,555,555,555,555,555,555,0.423344,0.07103472,555.0
556,556,556,556,556,556,556,556,556,556,556,556,556,556,556,556,556,556,556,556,556,0.37154272,0.054211684,556.0
557,557,557,557,557,557,557,557,557,557,557,557,557,557,557,557,557,557,557,557,557,0.37231004,0.054757416,557.0
558,558,558,558,558,558,558,558,558,558,558,558,558,558,558,558,558,558,558,558,558,0.41473135,0.047069415,558.0
559,559,559,559,559,559,559,559,559,559,559,559,559,559,559,559,559,559,559,559,559,0.41079167,0.04745924,559.0
560,560,560,560,560,560,560,560,560,560,560,560,560,560,560,560,560,560,560,560,560,0.3996513,0.04971593,560.0
561,561,561,561,561,561,561,561,561,561,561,561,561,561,561,561,561,561,561,561,561,0.44995597,0.06889816,561.0
562,562,562,562,562,562,562,562,562,562,562,562,562,562,562,562,562,562,562,562,562,0.43054426,0.04453613,562.0
563,563,563,563,563,563,563,563,563,563,563,563,563,563,563,563,563,563,563,563,563,0.4404568,0.04351425,563.0
564,564,564,564,564,564,564,564,564,564,564,564,564,564,564,564,564,564,564,564,564,0.47087428,0.054340467,564.0
565,565,565,565,565,565,565,565,565,565,565,565,565,565,565,565,565,565,565,565,565,0.46647507,0.049522165,565.0
566,566,566,566,566,566,566,566,566,566,566,566,566,566,566,566,566,566,566,566,566,0.45566264,0.06263294,566.0
567,567,567,567,567,567,567,567,567,567,567,567,567,567,567,567,567,567,567,567,567,0.45949513,0.06732798,567.0
568,568,568,568,568,568,568,568,568,568,568,568,568,568,568,568,568,568,568,568,568,0.46098998,0.06791066,568.0
569,569,569,569,569,569,569,569,569,569,569,569,569,569,569,569,569,569,569,569,569,0.48981002,0.07109477,569.0
570,570,570,570,570,570,570,570,570,570,570,570,570,570,570,570,570,570,570,570,570,0.33900973,0.056615893,570.0
571,571,571,571,571,571,571,571,571,571,571,571,571,571,571,571,571,571,571,571,571,0.34724644,0.061906837,571.0
572,572,572,572,572,572,572,572,572,572,572,572,572,572,572,572,572,572,572,572,572,0.33948755,0.06234872,572.0
573,573,573,573,573,573,573,573,573,573,573,573,573,573,573,573,573,573,573,573,573,0.34007972,0.06260468,573.0
574,574,574,574,574,574,574,574,574,574,574,574,574,574,574,574,574,574,574,574,574,0.23202182,-0.11280824,574.0
575,575,575,575,575,575,575,575,575,575,575,575,575,575,575,575,575,575,575,575,575,0.36206686,0.041165765,575.0
576,576,576,576,576,576,576,576,576,576,576,576,576,576,576,576,576,576,576,576,576,0.41382286,0.089562096,576.0
577,577,577,577,577,577,577,577,577,577,577,577,577,577,577,577,577,577,577,577,577,0.38690966,0.04402005,577.0
578,578,578,578,578,578,578,578,578,578,578,578,578,578,578,578,578,578,578,578,578,0.3377697,0.042448092,578.0
579,579,579,579,579,579,579,579,579,579,579,579,579,579,579,579,579,579,579,579,579,0.4533105,0.070586175,579.0
580,580,580,580,580,580,580,580,580,580,580,580,580,580,580,580,580,580,580,580,580,0.53662455,0.082345,580.0
581,581,581,581,581,581,581,581,581,581,581,581,581,581,581,581,581,581,581,581,581,0.39809626,0.07972055,581.0
582,582,582,582,582,582,582,582,582,582,582,582,582,582,582,582,582,582,582,582,582,0.43552223,0.054429606,582.0
583,583,583,583,583,583,583,583,583,583,583,583,583,583,583,583,583,583,583,583,583,0.3756185,-0.069095634,583.0
584,584,584,584,584,584,584,584,584,584,584,584,584,584,584,584,584,584,584,584,584,0.3762029,-0.06732997,584.0
585,585,585,585,585,585,585,585,585,585,585,585,585,585,585,585,585,585,585,585,585,0.3761776,-0.06894934,585.0
586,586,586,586,586,586,586,586,586,586,586,586,586,586,586,586,586,586,586,586,586,0.49253526,-0.03216755,586.0
587,587,587,587,587,587,587,587,587,587,587,587,587,587,587,587,587,587,587,587,587,0.5132116,-0.012703958,587.0
588,588,588,588,588,588,588,588,588,588,588,588,588,588,588,588,588,588,588,588,588,0.5156751,-0.010734285,588.0
589,589,589,589,589,589,589,589,589,589,589,589,589,589,589,589,589,589,589,589,589,0.5509916,0.027382838,589.0
590,590,590,590,590,590,590,590,590,590,590,590,590,590,590,590,590,590,590,590,590,0.6145572,0.029606218,590.0
591,591,591,591,591,591,591,591,591,591,591,591,591,591,591,591,591,591,591,591,591,0.6697485,0.057778817,591.0
592,592,592,592,592,592,592,592,592,592,592,592,592,592,592,592,592,592,592,592,592,0.7042185,0.053663746,592.0
593,593,593,593,593,593,593,593,593,593,593,593,593,593,593,593,593,593,593,593,593,0.7543662,0.0698079,593.0
594,594,594,594,594,594,594,594,594,594,594,594,594,594,594,594,594,594,594,594,594,0.810728,0.09613499,594.0
595,595,595,595,595,595,595,595,595,595,595,595,595,595,595,595,595,595,595,595,595,0.9657281,0.112124816,595.0
596,596,596,596,596,596,596,596,596,596,596,596,596,596,596,596,596,596,596,596,596,0.96572804,0.11212426,596.0
597,597,597,597,597,597,597,597,597,597,597,597,597,597,597,597,597,597,597,597,597,0.33351576,-0.08793001,597.0
598,598,598,598,598,598,598,598,598,598,598,598,598,598,598,598,598,598,598,598,598,0.4483056,-0.053515203,598.0
599,599,599,599,599,599,599,599,599,599,599,599,599,599,599,599,599,599,599,599,599,0.39270648,-0.04928191,599.0
600,600,600,600,600,600,600,600,600,600,600,600,600,600,600,600,600,600,600,600,600,0.40009043,-0.048805304,600.0
601,601,601,601,601,601,601,601,601,601,601,601,601,601,601,601,601,601,601,601,601,0.49518394,-0.019944817,601.0
602,602,602,602,602,602,602,602,602,602,602,602,602,602,602,602,602,602,602,602,602,0.48939672,-0.027104726,602.0
603,603,603,603,603,603,603,603,603,603,603,603,603,603,603,603,603,603,603,603,603,0.546675,0.02812587,603.0
604,604,604,604,604,604,604,604,604,604,604,604,604,604,604,604,604,604,604,604,604,0.60775876,0.03302076,604.0
605,605,605,605,605,605,605,605,605,605,605,605,605,605,605,605,605,605,605,605,605,0.66539216,0.056718476,605.0
606,606,606,606,606,606,606,606,606,606,606,606,606,606,606,606,606,606,606,606,606,0.7011634,0.052663215,606.0
607,607,607,607,607,607,607,607,607,607,607,607,607,607,607,607,607,607,607,607,607,0.7382667,0.050149385,607.0
608,608,608,608,608,608,608,608,608,608,608,608,608,608,608,608,608,608,608,608,608,0.8037415,0.09153889,608.0
609,609,609,609,609,609,609,609,609,609,609,609,609,609,609,609,609,609,609,609,609,0.9538276,0.10139478,609.0
610,610,610,610,610,610,610,610,610,610,610,610,610,610,610,610,610,610,610,610,610,0.9573041,0.101432756,610.0
611,611,611,611,611,611,611,611,611,611,611,611,611,611,611,611,611,611,611,611,611,0.35284582,-0.0006138543,611.0
612,612,612,612,612,612,612,612,612,612,612,612,612,612,612,612,612,612,612,612,612,0.49129185,0.04060617,612.0
613,613,613,613,613,613,613,613,613,613,613,613,613,613,613,613,613,613,613,613,613,0.3354365,-0.062062282,613.0
614,614,614,614,614,614,614,614,614,614,614,614,614,614,614,614,614,614,614,614,614,0.45917264,-0.02439795,614.0
615,615,615,615,615,615,615,615,615,615,615,615,615,615,615,615,615,615,615,615,615,0.43763357,0.056477364,615.0
616,616,616,616,616,616,616,616,616,616,616,616,616,616,616,616,616,616,616,616,616,0.47428238,0.056862574,616.0
617,617,617,617,617,617,617,617,617,617,617,617,617,617,617,617,617,617,617,617,617,0.5674639,0.090451725,617.0
618,618,618,618,618,618,618,618,618,618,618,618,618,618,618,618,618,618,618,618,618,0.53718925,0.07478649,618.0
619,619,619,619,619,619,619,619,619,619,619,619,619,619,619,619,619,619,619,619,619,0.53149796,0.06941003,619.0
620,620,620,620,620,620,620,620,620,620,620,620,620,620,620,620,620,620,620,620,620,0.5590163,0.065052204,620.0
621,621,621,621,621,621,621,621,621,621,621,621,621,621,621,621,621,621,621,621,621,0.5603177,0.06444604,621.0
622,622,622,622,622,622,622,622,622,622,622,622,622,622,622,622,622,622,622,622,622,0.62009156,0.08713444,622.0
623,623,623,623,623,623,623,623,623,623,623,623,623,623,623,623,623,623,623,623,623,0.6139956,0.08188474,623.0
624,624,624,624,624,624,624,624,624,624,624,624,624,624,624,624,624,624,624,624,624,0.6371831,0.08950233,624.0
625,625,625,625,625,625,625,625,625,625,625,625,625,625,625,625,625,625,625,625,625,0.6335343,0.08525125,625.0
626,626,626,626,626,626,626,626,626,626,626,626,626,626,626,626,626,626,626,626,626,0.71629226,0.105586275,626.0
627,627,627,627,627,627,627,627,627,627,627,627,627,627,627,627,627,627,627,627,627,0.7177776,0.10677754,627.0
628,628,628,628,628,628,628,628,628,628,628,628,628,628,628,628,628,628,628,628,628,0.72290516,0.11254272,628.0
629,629,629,629,629,629,629,629,629,629,629,629,629,629,629,629,629,629,629,629,629,0.7222623,0.11045741,629.0
630,630,630,630,630,630,630,630,630,630,630,630,630,630,630,630,630,630,630,630,630,0.45331123,0.058219004,630.0
631,631,631,631,631,631,631,631,631,631,631,631,631,631,631,631,631,631,631,631,631,0.4672122,0.058669504,631.0
632,632,632,632,632,632,632,632,632,632,632,632,632,632,632,632,632,632,632,632,632,0.4616284,0.053027213,632.0
633,633,633,633,633,633,633,633,633,633,633,633,633,633,633,633,633,633,633,633,633,0.4808606,0.054158367,633.0
634,634,634,634,634,634,634,634,634,634,634,634,634,634,634,634,634,634,634,634,634,0.4817298,0.055734433,634.0
635,635,635,635,635,635,635,635,635,635,635,635,635,635,635,635,635,635,635,635,635,0.45480236,0.05971166,635.0
636,636,636,636,636,636,636,636,636,636,636,636,636,636,636,636,636,636,636,636,636,0.45054564,0.05688398,636.0
637,637,637,637,637,637,637,637,637,637,637,637,637,637,637,637,637,637,637,637,637,0.5201274,0.07416424,637.0
638,638,638,638,638,638,638,638,638,638,638,638,638,638,638,638,638,638,638,638,638,0.5216535,0.07379124,638.0
639,639,639,639,639,639,639,639,639,639,639,639,639,639,639,639,639,639,639,639,639,0.48125875,0.054156397,639.0
640,640,640,640,640,640,640,640,640,640,640,640,640,640,640,640,640,640,640,640,640,0.48563278,0.058591593,640.0
641,641,641,641,641,641,641,641,641,641,641,641,641,641,641,641,641,641,641,641,641,0.54269445,0.07283358,641.0
642,642,642,642,642,642,642,642,642,642,642,642,642,642,642,642,642,642,642,642,642,0.5396924,0.068208285,642.0
643,643,643,643,643,643,643,643,643,643,643,643,643,643,643,643,643,643,643,643,643,0.52485454,0.07683662,643.0
644,644,644,644,644,644,644,644,644,644,644,644,644,644,644,644,644,644,644,644,644,0.54999554,0.0816734,644.0
645,645,645,645,645,645,645,645,645,645,645,645,645,645,645,645,645,645,645,645,645,0.6196767,0.09258618,645.0
646,646,646,646,646,646,646,646,646,646,646,646,646,646,646,646,646,646,646,646,646,0.6215352,0.090924606,646.0
647,647,647,647,647,647,647,647,647,647,647,647,647,647,647,647,647,647,647,647,647,0.35813075,0.042994894,647.0
648,648,648,648,648,648,648,648,648,648,648,648,648,648,648,648,648,648,648,648,648,0.27593774,0.02688783,648.0
649,649,649,649,649,649,649,649,649,649,649,649,649,649,649,649,649,649,649,649,649,0.36458492,0.03994608,649.0
650,650,650,650,650,650,650,650,650,650,650,650,650,650,650,650,650,650,650,650,650,0.28367037,0.01792267,650.0
651,651,651,651,651,651,651,651,651,651,651,651,651,651,651,651,651,651,651,651,651,0.37571475,0.03939132,651.0
652,652,652,652,652,652,652,652,652,652,652,652,652,652,652,652,652,652,652,652,652,0.33625337,0.037355144,652.0
653,653,653,653,653,653,653,653,653,653,653,653,653,653,653,653,653,653,653,653,653,0.41855466,0.057644956,653.0
654,654,654,654,654,654,654,654,654,654,654,654,654,654,654,654,654,654,654,654,654,0.38031378,0.04427433,654.0
655,655,655,655,655,655,655,655,655,655,655,655,655,655,655,655,655,655,655,655,655,0.44699898,0.06031938,655.0
656,656,656,656,656,656,656,656,656,656,656,656,656,656,656,656,656,656,656,656,656,0.4320335,0.058178622,656.0
657,657,657,657,657,657,657,657,657,657,657,657,657,657,657,657,657,657,657,657,657,0.4687702,0.05562967,657.0
658,658,658,658,658,658,658,658,658,658,658,658,658,658,658,658,658,658,658,658,658,0.466191,0.055226695,658.0
659,659,659,659,659,659,659,659,659,659,659,659,659,659,659,659,659,659,659,659,659,0.50600296,0.06731448,659.0
660,660,660,660,660,660,660,660,660,660,660,660,660,660,660,660,660,660,660,660,660,0.3224318,0.0715108,660.0
661,661,661,661,661,661,661,661,661,661,661,661,661,661,661,661,661,661,661,661,661,0.28485647,0.0031495623,661.0
662,662,662,662,662,662,662,662,662,662,662,662,662,662,662,662,662,662,662,662,662,0.5769353,-0.041908912,662.0
663,663,663,663,663,663,663,663,663,663,663,663,663,663,663,663,663,663,663,663,663,0.42277667,-0.032812003,663.0
664,664,664,664,664,664,664,664,664,664,664,664,664,664,664,664,664,664,664,664,664,0.32787326,-0.06921044,664.0
665,665,665,665,665,665,665,665,665,665,665,665,665,665,665,665,665,665,665,665,665,0.58208215,-0.018307203,665.0
666,666,666,666,666,666,666,666,666,666,666,666,666,666,666,666,666,666,666,666,666,0.20611753,-0.077704675,666.0
